-- MySQL Script generated by MySQL Workbench
-- sex 10 out 2025 10:31:21
-- Model: New Model    Version: 1.0
-- MySQL Workbench Forward Engineering

SET @OLD_UNIQUE_CHECKS=@@UNIQUE_CHECKS, UNIQUE_CHECKS=0;
SET @OLD_FOREIGN_KEY_CHECKS=@@FOREIGN_KEY_CHECKS, FOREIGN_KEY_CHECKS=0;
SET @OLD_SQL_MODE=@@SQL_MODE, SQL_MODE='ONLY_FULL_GROUP_BY,STRICT_TRANS_TABLES,NO_ZERO_IN_DATE,NO_ZERO_DATE,ERROR_FOR_DIVISION_BY_ZERO,NO_ENGINE_SUBSTITUTION';

-- -----------------------------------------------------
-- Schema mydb
-- -----------------------------------------------------
-- -----------------------------------------------------
-- Schema supermercado
-- -----------------------------------------------------

-- -----------------------------------------------------
-- Schema supermercado
-- -----------------------------------------------------
CREATE SCHEMA IF NOT EXISTS `supermercado` DEFAULT CHARACTER SET utf8 ;
USE `supermercado` ;

-- -----------------------------------------------------
-- Table `supermercado`.`tb_categoria`
-- -----------------------------------------------------
CREATE TABLE IF NOT EXISTS `supermercado`.`tb_categoria` (
  `categoria_id` INT(11) NOT NULL AUTO_INCREMENT,
  `categoria_nome` VARCHAR(255) NOT NULL,
  PRIMARY KEY (`categoria_id`))
ENGINE = InnoDB
AUTO_INCREMENT = 4
DEFAULT CHARACTER SET = utf8;


-- -----------------------------------------------------
-- Table `supermercado`.`tb_produto`
-- -----------------------------------------------------
CREATE TABLE IF NOT EXISTS `supermercado`.`tb_produto` (
  `produto_id` INT(11) NOT NULL AUTO_INCREMENT,
  `produto_nome` VARCHAR(255) NOT NULL,
  `produto_preco` FLOAT NOT NULL,
  `categoria_id` INT(11) NOT NULL,
  `produto_foto` VARCHAR(255) NOT NULL,
  PRIMARY KEY (`produto_id`),
  INDEX `fk_tb_produto_tb_categoria1_idx` (`categoria_id` ASC) VISIBLE,
  CONSTRAINT `fk_tb_produto_tb_categoria1`
    FOREIGN KEY (`categoria_id`)
    REFERENCES `supermercado`.`tb_categoria` (`categoria_id`)
    ON DELETE NO ACTION
    ON UPDATE NO ACTION)
ENGINE = InnoDB
AUTO_INCREMENT = 74
DEFAULT CHARACTER SET = utf8;


-- -----------------------------------------------------
-- Table `supermercado`.`tb_estoque`
-- -----------------------------------------------------
CREATE TABLE IF NOT EXISTS `supermercado`.`tb_estoque` (
  `estoque_id` INT(11) NOT NULL AUTO_INCREMENT,
  `produto_id` INT(11) NOT NULL,
  `estoque_qtd` INT(11) NOT NULL,
  `estoque_data` DATE NOT NULL,
  PRIMARY KEY (`estoque_id`),
  INDEX `fk_tb_estoque_tb_produto_idx` (`produto_id` ASC) VISIBLE,
  CONSTRAINT `fk_tb_estoque_tb_produto`
    FOREIGN KEY (`produto_id`)
    REFERENCES `supermercado`.`tb_produto` (`produto_id`)
    ON DELETE NO ACTION
    ON UPDATE NO ACTION)
ENGINE = InnoDB
AUTO_INCREMENT = 61
DEFAULT CHARACTER SET = utf8;


-- -----------------------------------------------------
-- Table `supermercado`.`tb_usuario`
-- -----------------------------------------------------
CREATE TABLE IF NOT EXISTS `supermercado`.`tb_usuario` (
  `usuario_id` INT(11) NOT NULL AUTO_INCREMENT,
  `usuario_nome` VARCHAR(255) NOT NULL,
  `usuario_datanascimento` DATE NOT NULL,
  `usuario_email` VARCHAR(255) NOT NULL,
  `usuario_senha` VARCHAR(255) NOT NULL,
  `usuario_tipo` CHAR(1) NOT NULL DEFAULT 'c',
  `usuario_foto` VARCHAR(255) NOT NULL,
  PRIMARY KEY (`usuario_id`),
  UNIQUE INDEX `usuario_email_UNIQUE` (`usuario_email` ASC) VISIBLE)
ENGINE = InnoDB
AUTO_INCREMENT = 6
DEFAULT CHARACTER SET = utf8;


-- -----------------------------------------------------
-- Table `supermercado`.`tb_lista`
-- -----------------------------------------------------
CREATE TABLE IF NOT EXISTS `supermercado`.`tb_lista` (
  `usuario_id` INT(11) NOT NULL,
  `produto_id` INT(11) NOT NULL,
  PRIMARY KEY (`usuario_id`, `produto_id`),
  INDEX `fk_tb_usuario_has_tb_produto_tb_produto1_idx` (`produto_id` ASC) VISIBLE,
  INDEX `fk_tb_usuario_has_tb_produto_tb_usuario1_idx` (`usuario_id` ASC) VISIBLE,
  CONSTRAINT `fk_tb_usuario_has_tb_produto_tb_produto1`
    FOREIGN KEY (`produto_id`)
    REFERENCES `supermercado`.`tb_produto` (`produto_id`)
    ON DELETE NO ACTION
    ON UPDATE NO ACTION,
  CONSTRAINT `fk_tb_usuario_has_tb_produto_tb_usuario1`
    FOREIGN KEY (`usuario_id`)
    REFERENCES `supermercado`.`tb_usuario` (`usuario_id`)
    ON DELETE NO ACTION
    ON UPDATE NO ACTION)
ENGINE = InnoDB
DEFAULT CHARACTER SET = utf8;


SET SQL_MODE=@OLD_SQL_MODE;
SET FOREIGN_KEY_CHECKS=@OLD_FOREIGN_KEY_CHECKS;
SET UNIQUE_CHECKS=@OLD_UNIQUE_CHECKS;


INSERT INTO `supermercado`.`tb_usuario` 
  (`usuario_nome`, `usuario_datanascimento`, `usuario_email`, `usuario_senha`, `usuario_foto`) 
VALUES 
  ('João Silva', '1985-05-15', 'joao.silva@email.com', '123', 'foto_joao.png'),
  ('Maria Oliveira', '1990-11-22', 'maria.oliveira@email.com', '456', 'foto_maria.png'),
  ('Pedro Souza', '1992-07-09', 'pedro.souza@email.com', '789', 'foto_pedro.png'),
  ('Carlos Pereira', '1980-08-14', 'carlos.pereira@email.com', '112', 'foto_carlos.png');

  INSERT INTO `supermercado`.`tb_usuario` 
  (`usuario_nome`, `usuario_datanascimento`, `usuario_email`, `usuario_senha`, `usuario_tipo`, `usuario_foto`) 
VALUES 
    ('Ana Costa', '1988-02-28', 'ana.costa@email.com', '101', 'g', 'foto_ana.png');

INSERT INTO `supermercado`.`tb_categoria` (`categoria_id`, `categoria_nome`) 
VALUES
  (1 ,'Comidas e Bebidas'),
  (2 ,'Higiene e Beleza'),
  (3 ,'Limpeza Doméstica');

INSERT INTO `supermercado`.`tb_produto`
  (`produto_id`, `produto_nome`, `produto_preco`, `categoria_id`, `produto_foto`)
VALUES
  (1, 'Arroz Branco 5kg', 19.99, 1, 'arroz_5kg.png'),
  (2, 'Feijão Carioca 1kg', 8.50, 1, 'feijao_1kg.png'),
  (3, 'Macarrão Espaguete 500g', 4.90, 1, 'macarrao_espaguete.png'),
  (4, 'Óleo de Soja 900ml', 6.80, 1, 'oleo_soja.png'),
  (5, 'Açúcar Cristal 1kg', 3.30, 1, 'acucar_1kg.png'),
  (6, 'Sal Grosso 1kg', 2.20, 1, 'sal_grosso.png'),
  (7, 'Leite Integral 1L', 3.00, 1, 'leite_integral.png'),
  (8, 'Leite Condensado 395g', 4.50, 1, 'leite_condensado.png'),
  (9, 'Queijo Mussarela 500g', 12.90, 1, 'queijo_mussarela.png'),
  (10, 'Presunto 200g', 7.50, 1, 'presunto.png'),
  (11, 'Pão Francês 500g', 3.00, 1, 'pao_frances.png'),
  (12, 'Café Torrado 500g', 10.99, 1, 'cafe_torrado.png'),
  (13, 'Chá de Erva Doce 30g', 2.50, 1, 'cha_erva_doce.png'),
  (14, 'Biscoito Recheado 150g', 3.20, 1, 'biscoito_recheado.png'),
  (15, 'Maçã Gala 1kg', 4.00, 1, 'maca_gala.png'),
  (16, 'Banana Prata 1kg', 3.50, 1, 'banana_prata.png'),
  (17, 'Laranja Pera 1kg', 5.20, 1, 'laranja_pera.png'),
  (18, 'Tomate 1kg', 7.90, 1, 'tomate.png'),
  (19, 'Cebola 1kg', 4.80, 1, 'cebola.png'),
  (20, 'Alho 200g', 5.00, 1, 'alho.png'),
  (21, 'Batata Doce 1kg', 6.00, 1, 'batata_doce.png'),
  (22, 'Abóbora 1kg', 4.50, 1, 'abobora.png'),
  (23, 'Peito de Frango 1kg', 14.90, 1, 'peito_frango.png'),
  (24, 'Carne Moída 1kg', 18.50, 1, 'carne_moida.png'),
  (25, 'Sardinha em Lata 180g', 3.80, 1, 'sardinha_lata.png'),
  (26, 'Atum em Lata 170g', 6.20, 1, 'atum_lata.png'),
  (27, 'Sopa Instantânea 60g', 2.10, 1, 'sopa_instantanea.png'),
  (28, 'Sabonete Lux 85g', 2.20, 2, 'sabonete_lux.png'),
  (29, 'Shampoo Head & Shoulders 400ml', 18.90, 2, 'shampoo_head_shoulders.png'),
  (30, 'Condicionador Dove 400ml', 16.50, 2, 'condicionador_dove.png'),
  (31, 'Desodorante Rexona Aerosol 150ml', 9.90, 2, 'desodorante_rexona.png'),
  (32, 'Pasta de Dente Colgate 90g', 4.50, 2, 'pasta_dente_colgate.png'),
  (33, 'Escova de Dente Colgate', 6.50, 2, 'escova_dente_colgate.png'),
  (34, 'Creme Hidratante Nivea 200g', 14.90, 2, 'creme_hidratante_nivea.png'),
  (35, 'Desodorante Dove Roll-on 50ml', 7.50, 2, 'desodorante_dove_rollon.png'),
  (36, 'Hidratante Corporal Neutrogena 400ml', 22.00, 2, 'hidratante_neutrogena.png'),
  (37, 'Papel Higiênico Neve 12 unidades', 15.90, 2, 'papel_higienico_neve.png'),
  (38, 'Lenço Umedecido Johnsons 50 unidades', 10.90, 2, 'lenco_umidecido_johnsons.png'),
  (39, 'Creme Dental Sensodyne 90g', 11.80, 2, 'creme_dental_sensodyne.png'),
  (40, 'Água Micelar Garnier 200ml', 19.99, 2, 'agua_micelar_garnier.png'),
  (41, 'Protetor Solar La Roche-Posay 50g', 35.00, 2, 'protetor_solar_laroche.png'),
  (42, 'Shampoo Pantene 400ml', 15.00, 2, 'shampoo_pantene.png'),
  (43, 'Desodorante Adidas Aerosol 150ml', 11.90, 2, 'desodorante_adidas.png'),
  (44, 'Cotonetes Johnsons 100 unidades', 5.00, 2, 'cotonetes_johnsons.png'),
  (45, 'Escova de Cabelo Tangle Teezer', 25.00, 2, 'escova_cabelo_tangle_teezer.png'),
  (46, 'Hidratante para Mãos Avon 200g', 12.50, 2, 'hidratante_maos_avon.png'),
  (47, 'Pente de Cabelo 25cm', 4.00, 2, 'pente_cabelo.png'),
  (48, 'Desinfetante Pinho Sol 500ml', 6.90, 3, 'desinfetante_pinho_sol.png'),
  (49, 'Sabão em Pó Omo 1kg', 7.50, 3, 'sabon_em_po_omo.png'),
  (50, 'Detergente Líquido Ypê 500ml', 2.50, 3, 'detergente_ypê.png'),
  (51, 'Amaciante Confort 1L', 8.00, 3, 'amaciante_confort.png'),
  (52, 'Água Sanitária 1L', 4.20, 3, 'agua_sanitária.png'),
  (53, 'Desinfetante Lysoform 500ml', 5.80, 3, 'desinfetante_lysoform.png'),
  (54, 'Limpador Multiuso Veja 500ml', 6.30, 3, 'limpador_veja.png'),
  (55, 'Pano de Chão 50x70cm', 3.50, 3, 'pano_de_chao.png'),
  (56, 'Esponja de Aço Bombril 5 unidades', 3.90, 3, 'esponja_bombril.png'),
  (57, 'Limpa Vidros Veja 500ml', 5.50, 3, 'limpa_vidros_veja.png'),
  (58, 'Desinfetante Casa e Jardim 500ml', 6.00, 3, 'desinfetante_casa_jardim.png'),
  (59, 'Desengordurante Poliflor 500ml', 7.20, 3, 'desengordurante_poliflor.png'),
  (60, 'Papel Toalha Scott 4 rolos', 10.50, 3, 'papel_toalha_scott.png'),
  (61, 'Limpador Desinfetante 500ml', 4.70, 3, 'limpador_desinfetante.png'),
  (62, 'Detergente Fairy 500ml', 3.80, 3, 'detergente_fairy.png'),
  (63, 'Sabão Líquido 1L', 5.50, 3, 'sabon_liquido_1l.png'),
  (64, 'Refil de Sabão em Pó 500g', 4.20, 3, 'refil_sabon_po.png'),
  (65, 'Limpeza Geral Limpador Cif 500ml', 6.80, 3, 'limpador_cif.png'),
  (66, 'Protetor de Móveis 250ml', 9.90, 3, 'protetor_moveis.png'),
  (67, 'Sabão de Coco 250g', 3.00, 3, 'sabon_coco.png'),
  (68, 'Lustra Móveis 300ml', 7.00, 3, 'lustra_moveis.png'),
  (69, 'Cloro Gel 500g', 6.50, 3, 'cloro_gel.png'),
  (70, 'Limpador Cloro 1L', 4.90, 3, 'limpador_cloro.png'),
  (71, 'Álcool 70º 1L', 7.30, 3, 'alcool_70.png'),
  (72, 'Esponja para Cozinha 3 unidades', 3.00, 3, 'esponja_cozinha.png'),
  (73, 'Rodo de Borracha 50cm', 10.00, 3, 'rodo_borracha.png');

INSERT INTO `supermercado`.`tb_estoque` 
  (`produto_id`, `estoque_qtd`, `estoque_data`) 
VALUES
  (1, 100, '2025-10-10'),  -- Arroz Branco 5kg
  (2, 150, '2025-10-10'),  -- Feijão Carioca 1kg
  (3, 200, '2025-10-10'),  -- Macarrão Espaguete 500g
  (4, 120, '2025-10-10'),  -- Óleo de Soja 900ml
  (5, 180, '2025-10-10'),  -- Açúcar Cristal 1kg
  (6, 160, '2025-10-10'),  -- Sal Grosso 1kg
  (7, 90, '2025-10-10'),   -- Leite Integral 1L
  (8, 80, '2025-10-10'),   -- Leite Condensado 395g
  (9, 70, '2025-10-10'),   -- Queijo Mussarela 500g
  (10, 200, '2025-10-10'), -- Presunto 200g
  (11, 300, '2025-10-10'), -- Pão Francês 500g
  (12, 250, '2025-10-10'), -- Café Torrado 500g
  (13, 100, '2025-10-10'), -- Chá de Erva Doce 30g
  (14, 220, '2025-10-10'), -- Biscoito Recheado 150g
  (15, 150, '2025-10-10'), -- Maçã Gala 1kg
  (16, 180, '2025-10-10'), -- Banana Prata 1kg
  (17, 160, '2025-10-10'), -- Laranja Pera 1kg
  (18, 140, '2025-10-10'), -- Tomate 1kg
  (19, 130, '2025-10-10'), -- Cebola 1kg
  (20, 100, '2025-10-10'), -- Alho 200g
  (21, 200, '2025-10-10'), -- Batata Doce 1kg
  (22, 180, '2025-10-10'), -- Abóbora 1kg
  (23, 90, '2025-10-10'),  -- Peito de Frango 1kg
  (24, 120, '2025-10-10'), -- Carne Moída 1kg
  (25, 150, '2025-10-10'), -- Sardinha em Lata 180g
  (26, 110, '2025-10-10'), -- Atum em Lata 170g
  (27, 220, '2025-10-10'), -- Sopa Instantânea 60g
  (28, 150, '2025-10-10'), -- Sabonete Lux 85g
  (29, 180, '2025-10-10'), -- Shampoo Head & Shoulders 400ml
  (30, 200, '2025-10-10'), -- Condicionador Dove 400ml
  (31, 170, '2025-10-10'), -- Desodorante Rexona Aerosol 150ml
  (32, 190, '2025-10-10'), -- Pasta de Dente Colgate 90g
  (33, 120, '2025-10-10'), -- Escova de Dente Colgate
  (34, 160, '2025-10-10'), -- Creme Hidratante Nivea 200g
  (35, 140, '2025-10-10'), -- Desodorante Dove Roll-on 50ml
  (36, 180, '2025-10-10'), -- Hidratante Corporal Neutrogena 400ml
  (37, 200, '2025-10-10'), -- Papel Higiênico Neve 12 unidades
  (38, 150, '2025-10-10'), -- Lenço Umedecido Johnsons 50 unidades
  (39, 180, '2025-10-10'), -- Creme Dental Sensodyne 90g
  (40, 120, '2025-10-10'), -- Água Micelar Garnier 200ml
  (41, 90, '2025-10-10'),  -- Protetor Solar La Roche-Posay 50g
  (42, 220, '2025-10-10'), -- Shampoo Pantene 400ml
  (43, 180, '2025-10-10'), -- Desodorante Adidas Aerosol 150ml
  (44, 130, '2025-10-10'), -- Cotonetes Johnsons 100 unidades
  (45, 110, '2025-10-10'), -- Escova de Cabelo Tangle Teezer
  (46, 150, '2025-10-10'), -- Hidratante para Mãos Avon 200g
  (47, 180, '2025-10-10'), -- Pente de Cabelo 25cm
  (48, 160, '2025-10-10'), -- Desinfetante Pinho Sol 500ml
  (49, 190, '2025-10-10'), -- Sabão em Pó Omo 1kg
  (50, 220, '2025-10-10'), -- Detergente Líquido Ypê 500ml
  (51, 210, '2025-10-10'), -- Amaciante Confort 1L
  (52, 180, '2025-10-10'), -- Água Sanitária 1L
  (53, 150, '2025-10-10'), -- Desinfetante Lysoform 500ml
  (54, 170, '2025-10-10'), -- Limpador Multiuso Veja 500ml
  (55, 200, '2025-10-10'), -- Pano de Chão 50x70cm
  (56, 130, '2025-10-10'), -- Esponja de Aço Bombril 5 unidades
  (57, 120, '2025-10-10'), -- Limpa Vidros Veja 500ml
  (58, 140, '2025-10-10'), -- Desinfetante Casa e Jardim 500ml
  (59, 150, '2025-10-10'), -- Desengordurante Poliflor 500ml
  (60, 170, '2025-10-10'); -- Papel Toalha Scott 4 rolos


